category,product_name,asin,amazon_url,affiliate_url,price_band,rating_snapshot,review_count_snapshot,primary_use_case,main_tradeoff,backup_asin,validation_status,live_title,live_price,live_rating,live_reviews,live_availability,validated_at_utc,validation_note
standing-desk,ErGear Electric Standing Desk 47x24,B0B41YH9B6,https://www.amazon.com/dp/B0B41YH9B6,https://www.amazon.com/dp/B0B41YH9B6/?tag=YOUR_AMAZON_TAG,entry,TBD-live,TBD-live,first standing desk,wobble at max height,B0B4218ZG3,ok,"ErGear Height Adjustable Electric Standing Desk, 47.2 x 23.6 Inches Sit Stand up Desk, Memory Computer Home Office Desk (Black)",$94.99,4.5 out of 5,"(4,384)",In Stock,2026-03-08T03:27:27Z,
standing-desk,ErGear Electric Standing Desk 48x24,B0B4218ZG3,https://www.amazon.com/dp/B0B4218ZG3,https://www.amazon.com/dp/B0B4218ZG3/?tag=YOUR_AMAZON_TAG,entry-mid,TBD-live,TBD-live,better depth for monitor setup,two-piece top feel,B0B41Z34M7,ok,"Ergear Height Adjustable Electric Standing Desk, 48x24 Inches Sit Stand up Memory Computer Home Office Desk (Natural),(EGESD5N)",$129.99,4.4 out of 5,"(1,296)",In Stock,2026-03-08T03:27:30Z,
standing-desk,ErGear Electric Standing Desk 55x28,B0B41Z34M7,https://www.amazon.com/dp/B0B41Z34M7,https://www.amazon.com/dp/B0B41Z34M7/?tag=YOUR_AMAZON_TAG,mid,TBD-live,TBD-live,larger desk setup,heavier footprint,B0B7JNLCT5,ok,"ErGear Height Adjustable Electric Standing Desk, 55 x 28 Inches Sit Stand up Desk, Large Memory Computer Home Office Desk with Two-Piece Desktop (Black)",$169.98,4.5 out of 5,"(4,384)",In Stock,2026-03-08T03:27:33Z,
standing-desk,ErGear Electric Desk w Keyboard Tray,B0B7JNLCT5,https://www.amazon.com/dp/B0B7JNLCT5,https://www.amazon.com/dp/B0B7JNLCT5/?tag=YOUR_AMAZON_TAG,mid,TBD-live,TBD-live,compact all-in-one ergonomics,keyboard tray ergonomics vary,B0B41YV2WD,ok,"ErGear Electric Standing Desk with Full Size Keyboard Tray, Adjustable Height Sit Stand Up Desk, Home Office Desk Computer Workstation, 48x24 Inches, Black",$129.99,4.4 out of 5,(853),In Stock,2026-03-08T03:27:36Z,
standing-desk,ErGear Small Standing Desk 40x24,B0B41YV2WD,https://www.amazon.com/dp/B0B41YV2WD,https://www.amazon.com/dp/B0B41YV2WD/?tag=YOUR_AMAZON_TAG,budget,TBD-live,TBD-live,small room setup,limited workspace,B0B41YH9B6,ok,"ErGear Small Height Adjustable Electric Standing Desk, 40 x 24 Inches Sit Stand up Desk, Memory Computer Home Office Desk with Two-Piece Desktop (Black)",$119.99,4.5 out of 5,"(4,384)",In Stock,2026-03-08T03:27:39Z,
standing-desk,FLEXISPOT EN2 Standing Desk,B07W8W8XKV,https://www.amazon.com/dp/B07W8W8XKV,https://www.amazon.com/dp/B07W8W8XKV/?tag=YOUR_AMAZON_TAG,mid,TBD-live,TBD-live,stable starter frame,price fluctuates,B07GWHF7L1,ok,"FLEXISPOT EN2 Whole-Piece Standing Desk with Clamp Power Strip, 48 x 30 Electric Stand Up Height Adjustable Desk with Cable Management (White Frame + 48&#34; White Desktop, 2 Packages)",$229.99,4.5 out of 5,"(4,691)",In Stock,2026-03-08T03:27:42Z,
standing-desk,FLEXISPOT EN2 Frame Only,B07GWHF7L1,https://www.amazon.com/dp/B07GWHF7L1,https://www.amazon.com/dp/B07GWHF7L1/?tag=YOUR_AMAZON_TAG,mid,TBD-live,TBD-live,custom desktop build,requires separate top,B07W8W8XKV,ok,"FLEXISPOT EN2 Standing Desk Frame with Clamp Power Strip and Cable Management Tray, Electric Sit Stand Desk Base with Memory Controller for Home and Office (Gray Frame Only)",$179.99,4.6 out of 5,(301),In Stock,2026-03-08T03:27:45Z,
chair,BestOffice Ergonomic Mid-Back Chair,B00FS3VJAO,https://www.amazon.com/dp/B00FS3VJAO,https://www.amazon.com/dp/B00FS3VJAO/?tag=YOUR_AMAZON_TAG,budget,TBD-live,TBD-live,low-cost temporary setup,durability variability,B0147WIC7E,ok,BestOffice | Ergonomic Office Chair | Mid-Back Swivel Desk Chair | Breathable Backrest &amp; Lumbar Support | Adjustable Height | Sponge Seat | Rolling Wheels | Black | for Adults &amp; Women,$38.98,4.3 out of 5,"(62,481)",In Stock,2026-03-08T03:27:48Z,
chair,BestOffice Ergonomic Mesh Chair,B0147WIC7E,https://www.amazon.com/dp/B0147WIC7E,https://www.amazon.com/dp/B0147WIC7E/?tag=YOUR_AMAZON_TAG,budget,TBD-live,TBD-live,starter WFH chair,comfort for long sessions varies,B00FS3VJAO,ok,BestOffice Office Chair Ergonomic Cheap Desk Chair Mesh Computer Chair Lumbar Support Modern Executive Adjustable Stool Rolling Swivel Chair for Back Pain (Black),$37.99,4.3 out of 5,"(51,695)",In Stock,2026-03-08T03:27:51Z,
chair,Ergonomic Office Chair 2026 Listing,B0G6D37MRS,https://www.amazon.com/dp/B0G6D37MRS,https://www.amazon.com/dp/B0G6D37MRS/?tag=YOUR_AMAZON_TAG,budget-mid,TBD-live,TBD-live,high-capacity budget option,brand consistency risk,B00FS3VJAO,ok,"Ergonomic Office Chair 2026 - Mesh Desk Chair with Flip-up Armrests, Adjustable Height and Lumbar, 360° Swivel Comfortable Computer Chairs for Home, Conference Room, Reception, Max 350lbs, Black",$99.99,5 out of 5,(15),In Stock,2026-03-08T03:27:54Z,
monitor-arm,HUANUO Single Monitor Arm 13-49,B07X48X4KM,https://www.amazon.com/dp/B07X48X4KM,https://www.amazon.com/dp/B07X48X4KM/?tag=YOUR_AMAZON_TAG,mid,TBD-live,TBD-live,ultrawide-capable arm,clamp fit constraints,B08FB7WFCT,ok,"HUANUO Single Monitor Arm for 13-49 inch Screens, Ultrawide Computer Monitor Mount Holds 26.48 lbs, Upgraded Adjustable Stand with USB, C-Clamp &amp; Grommet Base, VESA 75x75 or 100x100mm",$64.99,4.6 out of 5,"(3,845)",In Stock,2026-03-08T03:27:57Z,
monitor-arm,HUANUO FlowLift Single Arm,B07T3KCQ94,https://www.amazon.com/dp/B07T3KCQ94,https://www.amazon.com/dp/B07T3KCQ94/?tag=YOUR_AMAZON_TAG,budget-mid,TBD-live,TBD-live,13-32 monitor ergonomics,retensioning may be needed,B08FB7WFCT,ok,"HUANUO FlowLift™ Single Monitor Mount, 13 to 32 Inch Monitor Arm, Adjustable Monitor Stand, Vesa Mount with Clamp and Grommet Base - Fits 4.4 to 19.8lbs LCD Computer Monitors",$35.99,4.6 out of 5,"(15,675)",In Stock,2026-03-08T03:28:00Z,
monitor-arm,HUANUO Single Arm 13-34,B08FB7WFCT,https://www.amazon.com/dp/B08FB7WFCT,https://www.amazon.com/dp/B08FB7WFCT/?tag=YOUR_AMAZON_TAG,budget-mid,TBD-live,TBD-live,regular dual-workflow desks,not for very heavy monitors,B07X48X4KM,ok,"HUANUO Single Monitor Arm, Adjustable Desk Mount for 13-34 inch Screens, Holds 19.8lb, 22.44 inch Max Height, Full Motion Swivel Gaming Monitor Stand with VESA 75x75mm and 100x100mm Compatibility",$39.99,4.6 out of 5,"(7,075)",In Stock,2026-03-08T03:28:04Z,
monitor-arm,HUANUO FlowLift Dual Arm,B07T5SY43L,https://www.amazon.com/dp/B07T5SY43L,https://www.amazon.com/dp/B07T5SY43L/?tag=YOUR_AMAZON_TAG,mid,TBD-live,TBD-live,dual monitor setup,desk depth required,B07X48X4KM,ok,"HUANUO FlowLift™ Dual Monitor Stand, Fully Adjustable Gaming Monitor Desk Mount for 13–32″ Computer Screens, Full Motion VESA 75x75/100x100 with C-Clamp &amp; Grommet Base, Each Arm Holds 4.4 to 19.8 lbs",$59.99,4.6 out of 5,"(33,507)",In Stock,2026-03-08T03:28:07Z,
monitor-arm,VIVO STAND-V001,B00B21TLQU,https://www.amazon.com/dp/B00B21TLQU,https://www.amazon.com/dp/B00B21TLQU/?tag=YOUR_AMAZON_TAG,budget,TBD-live,TBD-live,entry monitor arm,smoother motion costs more,B01NH0HTM5,ok,"VIVO Single 13 to 38 inch Ultrawide Monitor Arm Desk Mount, Regular Screens up to 32 inches, 22 lbs capacity, Fully Adjustable Stand with C-Clamp and Grommet Base, Black, STAND-V001",$34.99,4.4 out of 5,"(19,988)",In Stock,2026-03-08T03:28:10Z,
monitor-arm,VIVO STAND-V001O,B01NH0HTM5,https://www.amazon.com/dp/B01NH0HTM5,https://www.amazon.com/dp/B01NH0HTM5/?tag=YOUR_AMAZON_TAG,budget-mid,TBD-live,TBD-live,single monitor setup,mechanical adjustment feel,B01LYVCEIB,ok,"VIVO Single Monitor Stand, Fully Adjustable Arm for 17 to 32 inch Screen, Mechanical Articulating Desk Mount, Gaming and Office Setups, VESA 75x75, 100x100, Max 19.8 lbs, Classic, Black, STAND-V001O",$39.99,4.4 out of 5,"(5,151)",In Stock,2026-03-08T03:28:13Z,
monitor-arm,VIVO STAND-V001Q Premium,B01LYVCEIB,https://www.amazon.com/dp/B01LYVCEIB,https://www.amazon.com/dp/B01LYVCEIB/?tag=YOUR_AMAZON_TAG,mid,TBD-live,TBD-live,smoother gas-spring adjustment,higher price,B00B21TLQU,ok,VIVO Premium Aluminum Height Adjustable Single Monitor Articulating Desk Mount Stand w/Gas Spring Arm Fits up to 32&#34; Screen (STAND-V001Q),$69.99,4.4 out of 5,(872),In Stock,2026-03-08T03:28:16Z,
monitor-arm,VIVO STAND-V001M,B00YJEQ83G,https://www.amazon.com/dp/B00YJEQ83G,https://www.amazon.com/dp/B00YJEQ83G/?tag=YOUR_AMAZON_TAG,budget-mid,TBD-live,TBD-live,ultrawide-ready regular setup,arm bulk on small desks,B00B21TLQU,ok,"VIVO Single Monitor Desk Mount, Fully Adjustable Stand for 1 LCD Screen up to 32 inches, Ultra Wide Screens up to 38 inches, 22 lbs Capacity, STAND-V001M",$39.99,4.4 out of 5,"(1,026)",,2026-03-08T03:28:19Z,
lighting,Baseus Monitor Light Bar,B08CXL3YQ8,https://www.amazon.com/dp/B08CXL3YQ8,https://www.amazon.com/dp/B08CXL3YQ8/?tag=YOUR_AMAZON_TAG,budget-mid,TBD-live,TBD-live,screen-focused desk lighting,bezel compatibility,B08DKQ3JG1,ok,"Baseus Monitor Light Bar - Touch Control Desk Lamp with 3 Light Modes, Computer Monitor Light for Home Office, USB Powered LED Desk Lamp, Black",$49.99,4.3 out of 5,"(3,931)",,2026-03-08T03:28:22Z,
lighting,Quntis Monitor Light Bar,B08DKQ3JG1,https://www.amazon.com/dp/B08DKQ3JG1,https://www.amazon.com/dp/B08DKQ3JG1/?tag=YOUR_AMAZON_TAG,budget-mid,TBD-live,TBD-live,auto-dimming light bar,glare angle setup,B08CXL3YQ8,ok,"Quntis Computer Monitor Lamp, Screen Monitor Light Bar for Eye Caring, USB Reading LED Task Lamp with Auto-Dimming, Dimmable Light Bar, Touch Control, No Glare Space Saving Home Office Desk Lamps",$39.95,4.6 out of 5,"(15,426)",In Stock,2026-03-08T03:28:25Z,
lighting,Computer Monitor Light Bar Rotary,B096ZYZFDF,https://www.amazon.com/dp/B096ZYZFDF,https://www.amazon.com/dp/B096ZYZFDF/?tag=YOUR_AMAZON_TAG,budget,TBD-live,TBD-live,basic eye-comfort lighting,generic QC variance,B08DKQ3JG1,ok,Computer Monitor Light Bar Screen Lamp: USB Powered LED Monitor Lamp with Stepless Dimming &amp; Hue Adjustment &amp; Memory Function &amp; No Screen Glare for Desktop Office Home Work (Rotating Button Control),$22.99,4.4 out of 5,(484),,2026-03-08T03:28:28Z,
lighting,Colorpanda Monitor Light Bar,B09XR4MYB6,https://www.amazon.com/dp/B09XR4MYB6,https://www.amazon.com/dp/B09XR4MYB6/?tag=YOUR_AMAZON_TAG,budget,TBD-live,TBD-live,low-cost monitor lighting,long-term durability unknown,B08CXL3YQ8,ok,"Monitor Light Bar, Fit for Curved/Flat Monitor, Eye-Care USB Reading LED Task Lamp with Touch Control, No Screen Glare Dimmable Desk Lamp Computer Monitor Light Bar for Screen Home Office",$25.19,4.4 out of 5,(502),In Stock,2026-03-08T03:28:31Z,
lighting,Computer Screen Light Bar USB,B08CGK7GW7,https://www.amazon.com/dp/B08CGK7GW7,https://www.amazon.com/dp/B08CGK7GW7/?tag=YOUR_AMAZON_TAG,budget,TBD-live,TBD-live,budget screen bar,control ergonomics vary,B096ZYZFDF,ok,"Computer Monitor Screen Lights Bar Desk Lamp, USB Powered Office e-Reading Task LED for Desktop and Laptop, Touch Control, No Screen Glare, Space Saving, Asymmetrical Optical Design, 5 Hue Adjustment",$39.95,4.6 out of 5,(74),,2026-03-08T03:28:34Z,
mouse,Logitech MX Master 3S,B09HM94VDS,https://www.amazon.com/dp/B09HM94VDS,https://www.amazon.com/dp/B09HM94VDS/?tag=YOUR_AMAZON_TAG,premium,TBD-live,TBD-live,power-user productivity mouse,heavier feel for small hands,B00BIFNTMC,ok,"Logitech MX Master 3S Wireless Mouse Standard Edition with Logi Bolt USB Receiver, Ultra-Fast Scrolling, Ergo, 8K DPI, Track on Glass, Quiet Clicks, USB-C, Bluetooth, Windows, Linux, Chrome - Graphite",$109.99,4.4 out of 5,"(11,091)",In Stock,2026-03-08T03:28:37Z,
mouse,Anker Vertical Wireless Mouse,B00BIFNTMC,https://www.amazon.com/dp/B00BIFNTMC,https://www.amazon.com/dp/B00BIFNTMC/?tag=YOUR_AMAZON_TAG,budget,TBD-live,TBD-live,vertical mouse starter,adaptation period,B00FPAVUHC,ok,"Anker 2.4G Wireless Vertical Ergonomic Optical Mouse for Work, Multi-Device Connectivity, 800/1200 /1600 DPI, 5 Buttons for Laptop, Desktop, PC - Black",$19.99,4.1 out of 5,"(52,898)",In Stock,2026-03-08T03:28:40Z,
mouse,Anker Vertical Wired Mouse,B00FPAVUHC,https://www.amazon.com/dp/B00FPAVUHC,https://www.amazon.com/dp/B00FPAVUHC/?tag=YOUR_AMAZON_TAG,budget,TBD-live,TBD-live,low-latency vertical budget pick,cable drag,B00BIFNTMC,ok,"Anker USB Wired Vertical Mouse, Ergonomic Design Mouse for Computer and Laptop, 5 Buttons, 1000/1600 DPI, Optical Technology, USB Corded - Black",$25.99,4.4 out of 5,"(8,941)",In Stock,2026-03-08T03:28:43Z,
mouse,Anker Vertical Wireless Alt,B07CT9X48L,https://www.amazon.com/dp/B07CT9X48L,https://www.amazon.com/dp/B07CT9X48L/?tag=YOUR_AMAZON_TAG,budget,TBD-live,TBD-live,alternative wireless vertical option,model fragmentation,B00BIFNTMC,ok,"Anker AK-848061056198 Wireless Vertical Ergonomic Mouse with 800/1200/1600 DPI, 5 Buttons, 2.4G Wireless Connection for PC, Desktop, Laptop, Mac",$19.99,3.9 out of 5,(461),,2026-03-08T03:28:46Z,
laptop-stand,Nulaxy Aluminum Laptop Stand,B07P54RSPY,https://www.amazon.com/dp/B07P54RSPY,https://www.amazon.com/dp/B07P54RSPY/?tag=YOUR_AMAZON_TAG,budget-mid,TBD-live,TBD-live,fixed-height laptop elevation,non-adjustable height,B07YTHMM3B,ok,"Nulaxy Fully Aluminum Detachable Laptop Stand, Ergonomic Ventilated Cooling Laptop Holder Computer Riser for Desk, Anti-Slip Design Notebook Stand Compatible with All 10-16&#34; MacBook/Dell XPS/HP/Lenovo",$14.99,4.8 out of 5,"(36,131)",In Stock,2026-03-08T03:28:49Z,
laptop-stand,Nulaxy Adjustable Laptop Stand,B07YTHMM3B,https://www.amazon.com/dp/B07YTHMM3B,https://www.amazon.com/dp/B07YTHMM3B/?tag=YOUR_AMAZON_TAG,mid,TBD-live,TBD-live,ergonomic height tuning,folding joints can loosen,B07P54RSPY,ok,"Nulaxy Height Adjustable Laptop Stand for Desk, Dual Foldable Aluminum Computer Riser, Pull Out Design Ergonomic Sit to Notebook Holder Convertor, Compatible with All 10-17&#34; Laptops, Tablets, Gray",$43.99,4.7 out of 5,"(8,266)",In Stock,2026-03-08T03:28:52Z,
laptop-stand,Nulaxy Adjustable AL Stand,B077B9W343,https://www.amazon.com/dp/B077B9W343,https://www.amazon.com/dp/B077B9W343/?tag=YOUR_AMAZON_TAG,mid,TBD-live,TBD-live,stable adjustable riser,heavier on compact desks,B07YTHMM3B,ok,"Nulaxy Ergonomic Adjustable Laptop Stand for Desk, Dual Foldable Computer Riser with Advanced Heat-Vent, Heavy-Duty Portable Notebook Holder for Posture Correction, Compatible with Mac 10-17&#34; Laptops",$24.99,4.8 out of 5,"(16,520)",In Stock,2026-03-08T03:28:55Z,
desk-mat,Aothia Leather Desk Pad 31.5x15.7,B082F5CMGG,https://www.amazon.com/dp/B082F5CMGG,https://www.amazon.com/dp/B082F5CMGG/?tag=YOUR_AMAZON_TAG,budget,TBD-live,TBD-live,large mouse + writing surface,edge wear over time,B086BBQPQ2,ok,"Aothia Leather Desk Pad Protector, Mouse Pad, Office Desk Mat, Non-Slip PU Leather Desk Blotter, Laptop Desk Pad, Waterproof Desk Writing Pad for Office and Home (Brown,31.5&#34; x 15.7&#34;)",$13.99,4.6 out of 5,"(75,666)",In Stock,2026-03-08T03:28:58Z,
desk-mat,Aothia Leather Desk Pad 36x17,B086BBQPQ2,https://www.amazon.com/dp/B086BBQPQ2,https://www.amazon.com/dp/B086BBQPQ2/?tag=YOUR_AMAZON_TAG,budget-mid,TBD-live,TBD-live,wider desk coverage,can slide on smooth desks,B082F5CMGG,ok,"Aothia Leather Desk Pad Protector, Mouse Pad,Office Desk Mat, Non-Slip PU Leather Desk Blotter, Laptop Desk Pad, Waterproof Desk Writing Pad for Office and Home (Dark Blue,36&#34; x 17&#34;)",$15.99,4.6 out of 5,"(75,666)",In Stock,2026-03-08T03:29:01Z,
anti-fatigue,ComfiLife Anti-Fatigue Mat 20x32,B0797Q5HL7,https://www.amazon.com/dp/B0797Q5HL7,https://www.amazon.com/dp/B0797Q5HL7/?tag=YOUR_AMAZON_TAG,budget-mid,TBD-live,TBD-live,standing desk comfort,edge curl risk,B0DQVRNWB2,ok,"ComfiLife Anti Fatigue Floor Mat – 3/4 Inch Thick Kitchen Mats for Floor, Standing Desk Mat, Kitchen Rug – Comfort at Home, Office – Durable – Stain Resistant – Non-Slip Bottom (20&#34; x 32&#34;, Black)",$49.99,4.7 out of 5,"(41,449)",In Stock,2026-03-08T03:29:04Z,
cable-management,VIVO Cable Tray DESK-AC06-1C,B089B4XZM4,https://www.amazon.com/dp/B089B4XZM4,https://www.amazon.com/dp/B089B4XZM4/?tag=YOUR_AMAZON_TAG,budget-mid,TBD-live,TBD-live,under-desk cable cleanup,requires install clearance,B089B7QQVK,ok,"VIVO Under Desk 17 inch Cable Management Tray, Power Strip Holder, Cord Organizer, Wire Tamer for Office and Home, Black, DESK-AC06-1C",$19.99,4.6 out of 5,"(1,068)",In Stock,2026-03-08T03:29:07Z,
cable-management,VIVO Cable Tray 2-Pack DESK-AC06-2C,B089B7QQVK,https://www.amazon.com/dp/B089B7QQVK,https://www.amazon.com/dp/B089B7QQVK/?tag=YOUR_AMAZON_TAG,mid,TBD-live,TBD-live,multi-device cable routing,setup time,B089B4XZM4,ok,"VIVO Under Desk 17 inch Cable Management Trays, Power Strip Holders, Cord Organizers, Wire Tamers for Office and Home, Black, 2 Pack, DESK-AC06-2C",$37.99,4.6 out of 5,(856),In Stock,2026-03-08T03:29:10Z,
cable-management,VIVO Cable Tray Rack DESK-AC06-1B,B085R9HKFV,https://www.amazon.com/dp/B085R9HKFV,https://www.amazon.com/dp/B085R9HKFV/?tag=YOUR_AMAZON_TAG,budget-mid,TBD-live,TBD-live,wire rack style airflow,less hidden look,B089B4XZM4,ok,"VIVO Under Desk 17 inch Iron Cable Management Wire Rack, Home Office Cord Organizer Concealer Tray, Black, DESK-AC06-1B",$16.99,4.5 out of 5,(191),,2026-03-08T03:29:13Z,
