category,product_name,asin,amazon_url,affiliate_url,price_band,rating_snapshot,review_count_snapshot,primary_use_case,main_tradeoff,backup_asin
standing-desk,ErGear Electric Standing Desk 47x24,B0B41YH9B6,https://www.amazon.com/dp/B0B41YH9B6,https://www.amazon.com/dp/B0B41YH9B6/?tag=YOUR_AMAZON_TAG,entry,TBD-live,TBD-live,first standing desk,wobble at max height,B0B4218ZG3
standing-desk,ErGear Electric Standing Desk 48x24,B0B4218ZG3,https://www.amazon.com/dp/B0B4218ZG3,https://www.amazon.com/dp/B0B4218ZG3/?tag=YOUR_AMAZON_TAG,entry-mid,TBD-live,TBD-live,better depth for monitor setup,two-piece top feel,B0B41Z34M7
standing-desk,ErGear Electric Standing Desk 55x28,B0B41Z34M7,https://www.amazon.com/dp/B0B41Z34M7,https://www.amazon.com/dp/B0B41Z34M7/?tag=YOUR_AMAZON_TAG,mid,TBD-live,TBD-live,larger desk setup,heavier footprint,B0B7JNLCT5
standing-desk,ErGear Electric Desk w Keyboard Tray,B0B7JNLCT5,https://www.amazon.com/dp/B0B7JNLCT5,https://www.amazon.com/dp/B0B7JNLCT5/?tag=YOUR_AMAZON_TAG,mid,TBD-live,TBD-live,compact all-in-one ergonomics,keyboard tray ergonomics vary,B0B41YV2WD
standing-desk,ErGear Small Standing Desk 40x24,B0B41YV2WD,https://www.amazon.com/dp/B0B41YV2WD,https://www.amazon.com/dp/B0B41YV2WD/?tag=YOUR_AMAZON_TAG,budget,TBD-live,TBD-live,small room setup,limited workspace,B0B41YH9B6
standing-desk,FLEXISPOT EN2 Standing Desk,B07W8W8XKV,https://www.amazon.com/dp/B07W8W8XKV,https://www.amazon.com/dp/B07W8W8XKV/?tag=YOUR_AMAZON_TAG,mid,TBD-live,TBD-live,stable starter frame,price fluctuates,B07GWHF7L1
standing-desk,FLEXISPOT EN2 Frame Only,B07GWHF7L1,https://www.amazon.com/dp/B07GWHF7L1,https://www.amazon.com/dp/B07GWHF7L1/?tag=YOUR_AMAZON_TAG,mid,TBD-live,TBD-live,custom desktop build,requires separate top,B07W8W8XKV
chair,BestOffice Ergonomic Mid-Back Chair,B00FS3VJAO,https://www.amazon.com/dp/B00FS3VJAO,https://www.amazon.com/dp/B00FS3VJAO/?tag=YOUR_AMAZON_TAG,budget,TBD-live,TBD-live,low-cost temporary setup,durability variability,B0147WIC7E
chair,BestOffice Ergonomic Mesh Chair,B0147WIC7E,https://www.amazon.com/dp/B0147WIC7E,https://www.amazon.com/dp/B0147WIC7E/?tag=YOUR_AMAZON_TAG,budget,TBD-live,TBD-live,starter WFH chair,comfort for long sessions varies,B00FS3VJAO
chair,Ergonomic Office Chair 2026 Listing,B0G6D37MRS,https://www.amazon.com/dp/B0G6D37MRS,https://www.amazon.com/dp/B0G6D37MRS/?tag=YOUR_AMAZON_TAG,budget-mid,TBD-live,TBD-live,high-capacity budget option,brand consistency risk,B00FS3VJAO
monitor-arm,HUANUO Single Monitor Arm 13-49,B07X48X4KM,https://www.amazon.com/dp/B07X48X4KM,https://www.amazon.com/dp/B07X48X4KM/?tag=YOUR_AMAZON_TAG,mid,TBD-live,TBD-live,ultrawide-capable arm,clamp fit constraints,B08FB7WFCT
monitor-arm,HUANUO FlowLift Single Arm,B07T3KCQ94,https://www.amazon.com/dp/B07T3KCQ94,https://www.amazon.com/dp/B07T3KCQ94/?tag=YOUR_AMAZON_TAG,budget-mid,TBD-live,TBD-live,13-32 monitor ergonomics,retensioning may be needed,B08FB7WFCT
monitor-arm,HUANUO Single Arm 13-34,B08FB7WFCT,https://www.amazon.com/dp/B08FB7WFCT,https://www.amazon.com/dp/B08FB7WFCT/?tag=YOUR_AMAZON_TAG,budget-mid,TBD-live,TBD-live,regular dual-workflow desks,not for very heavy monitors,B07X48X4KM
monitor-arm,HUANUO FlowLift Dual Arm,B07T5SY43L,https://www.amazon.com/dp/B07T5SY43L,https://www.amazon.com/dp/B07T5SY43L/?tag=YOUR_AMAZON_TAG,mid,TBD-live,TBD-live,dual monitor setup,desk depth required,B07X48X4KM
monitor-arm,VIVO STAND-V001,B00B21TLQU,https://www.amazon.com/dp/B00B21TLQU,https://www.amazon.com/dp/B00B21TLQU/?tag=YOUR_AMAZON_TAG,budget,TBD-live,TBD-live,entry monitor arm,smoother motion costs more,B01NH0HTM5
monitor-arm,VIVO STAND-V001O,B01NH0HTM5,https://www.amazon.com/dp/B01NH0HTM5,https://www.amazon.com/dp/B01NH0HTM5/?tag=YOUR_AMAZON_TAG,budget-mid,TBD-live,TBD-live,single monitor setup,mechanical adjustment feel,B01LYVCEIB
monitor-arm,VIVO STAND-V001Q Premium,B01LYVCEIB,https://www.amazon.com/dp/B01LYVCEIB,https://www.amazon.com/dp/B01LYVCEIB/?tag=YOUR_AMAZON_TAG,mid,TBD-live,TBD-live,smoother gas-spring adjustment,higher price,B00B21TLQU
monitor-arm,VIVO STAND-V001M,B00YJEQ83G,https://www.amazon.com/dp/B00YJEQ83G,https://www.amazon.com/dp/B00YJEQ83G/?tag=YOUR_AMAZON_TAG,budget-mid,TBD-live,TBD-live,ultrawide-ready regular setup,arm bulk on small desks,B00B21TLQU
lighting,Baseus Monitor Light Bar,B08CXL3YQ8,https://www.amazon.com/dp/B08CXL3YQ8,https://www.amazon.com/dp/B08CXL3YQ8/?tag=YOUR_AMAZON_TAG,budget-mid,TBD-live,TBD-live,screen-focused desk lighting,bezel compatibility,B08DKQ3JG1
lighting,Quntis Monitor Light Bar,B08DKQ3JG1,https://www.amazon.com/dp/B08DKQ3JG1,https://www.amazon.com/dp/B08DKQ3JG1/?tag=YOUR_AMAZON_TAG,budget-mid,TBD-live,TBD-live,auto-dimming light bar,glare angle setup,B08CXL3YQ8
lighting,Computer Monitor Light Bar Rotary,B096ZYZFDF,https://www.amazon.com/dp/B096ZYZFDF,https://www.amazon.com/dp/B096ZYZFDF/?tag=YOUR_AMAZON_TAG,budget,TBD-live,TBD-live,basic eye-comfort lighting,generic QC variance,B08DKQ3JG1
lighting,Colorpanda Monitor Light Bar,B09XR4MYB6,https://www.amazon.com/dp/B09XR4MYB6,https://www.amazon.com/dp/B09XR4MYB6/?tag=YOUR_AMAZON_TAG,budget,TBD-live,TBD-live,low-cost monitor lighting,long-term durability unknown,B08CXL3YQ8
lighting,Computer Screen Light Bar USB,B08CGK7GW7,https://www.amazon.com/dp/B08CGK7GW7,https://www.amazon.com/dp/B08CGK7GW7/?tag=YOUR_AMAZON_TAG,budget,TBD-live,TBD-live,budget screen bar,control ergonomics vary,B096ZYZFDF
mouse,Logitech MX Master 3S,B09HM94VDS,https://www.amazon.com/dp/B09HM94VDS,https://www.amazon.com/dp/B09HM94VDS/?tag=YOUR_AMAZON_TAG,premium,TBD-live,TBD-live,power-user productivity mouse,heavier feel for small hands,B00BIFNTMC
mouse,Anker Vertical Wireless Mouse,B00BIFNTMC,https://www.amazon.com/dp/B00BIFNTMC,https://www.amazon.com/dp/B00BIFNTMC/?tag=YOUR_AMAZON_TAG,budget,TBD-live,TBD-live,vertical mouse starter,adaptation period,B00FPAVUHC
mouse,Anker Vertical Wired Mouse,B00FPAVUHC,https://www.amazon.com/dp/B00FPAVUHC,https://www.amazon.com/dp/B00FPAVUHC/?tag=YOUR_AMAZON_TAG,budget,TBD-live,TBD-live,low-latency vertical budget pick,cable drag,B00BIFNTMC
mouse,Anker Vertical Wireless Alt,B07CT9X48L,https://www.amazon.com/dp/B07CT9X48L,https://www.amazon.com/dp/B07CT9X48L/?tag=YOUR_AMAZON_TAG,budget,TBD-live,TBD-live,alternative wireless vertical option,model fragmentation,B00BIFNTMC
laptop-stand,Nulaxy Aluminum Laptop Stand,B07P54RSPY,https://www.amazon.com/dp/B07P54RSPY,https://www.amazon.com/dp/B07P54RSPY/?tag=YOUR_AMAZON_TAG,budget-mid,TBD-live,TBD-live,fixed-height laptop elevation,non-adjustable height,B07YTHMM3B
laptop-stand,Nulaxy Adjustable Laptop Stand,B07YTHMM3B,https://www.amazon.com/dp/B07YTHMM3B,https://www.amazon.com/dp/B07YTHMM3B/?tag=YOUR_AMAZON_TAG,mid,TBD-live,TBD-live,ergonomic height tuning,folding joints can loosen,B07P54RSPY
laptop-stand,Nulaxy Adjustable AL Stand,B077B9W343,https://www.amazon.com/dp/B077B9W343,https://www.amazon.com/dp/B077B9W343/?tag=YOUR_AMAZON_TAG,mid,TBD-live,TBD-live,stable adjustable riser,heavier on compact desks,B07YTHMM3B
desk-mat,Aothia Leather Desk Pad 31.5x15.7,B082F5CMGG,https://www.amazon.com/dp/B082F5CMGG,https://www.amazon.com/dp/B082F5CMGG/?tag=YOUR_AMAZON_TAG,budget,TBD-live,TBD-live,large mouse + writing surface,edge wear over time,B086BBQPQ2
desk-mat,Aothia Leather Desk Pad 36x17,B086BBQPQ2,https://www.amazon.com/dp/B086BBQPQ2,https://www.amazon.com/dp/B086BBQPQ2/?tag=YOUR_AMAZON_TAG,budget-mid,TBD-live,TBD-live,wider desk coverage,can slide on smooth desks,B082F5CMGG
anti-fatigue,ComfiLife Anti-Fatigue Mat 20x32,B0797Q5HL7,https://www.amazon.com/dp/B0797Q5HL7,https://www.amazon.com/dp/B0797Q5HL7/?tag=YOUR_AMAZON_TAG,budget-mid,TBD-live,TBD-live,standing desk comfort,edge curl risk,B0DQVRNWB2
cable-management,VIVO Cable Tray DESK-AC06-1C,B089B4XZM4,https://www.amazon.com/dp/B089B4XZM4,https://www.amazon.com/dp/B089B4XZM4/?tag=YOUR_AMAZON_TAG,budget-mid,TBD-live,TBD-live,under-desk cable cleanup,requires install clearance,B089B7QQVK
cable-management,VIVO Cable Tray 2-Pack DESK-AC06-2C,B089B7QQVK,https://www.amazon.com/dp/B089B7QQVK,https://www.amazon.com/dp/B089B7QQVK/?tag=YOUR_AMAZON_TAG,mid,TBD-live,TBD-live,multi-device cable routing,setup time,B089B4XZM4
cable-management,VIVO Cable Tray Rack DESK-AC06-1B,B085R9HKFV,https://www.amazon.com/dp/B085R9HKFV,https://www.amazon.com/dp/B085R9HKFV/?tag=YOUR_AMAZON_TAG,budget-mid,TBD-live,TBD-live,wire rack style airflow,less hidden look,B089B4XZM4
